Request Date,Cumulative Date Start,Pages Printed in Last 24 Hours,Total Pages Printed Since Cumulative Date,Total Users,Average Pages Printed Per User,Total Pages to Date
"July 04, 2019 ",06/22/2019,4919,46228,50333,0.92,18984330
"June 27, 2019 ",06/22/2019,6140,8,50291,0.45,18960710
"June 02, 2019 ",04/01/2019,9,75706,50136,15.07,18732536
"June 21, 2019 ",04/01/2019,184,6258,50260,19.11,18938056
"May 10, 2019 ",04/01/2019,14958,5155,49900,10.31,18490991
"May 02, 2019 ",04/01/2019,21319,8117,49796,8.19,18383589
"April 11, 2019 ",04/01/2019,18567,3528,49474,2.74,18110761
"November 02, 2018 ",09/26/2018,14566,53855,47067,11.45,16501706
"November 06, 2018 ",09/26/2018,23264,573084,47167,12.16,16536234
"January 14, 2019 ",01/06/2019,1346,584,48177,1.98,17113141
"September 21, 2018 ",06/23/2018,259,94,43788,7.57,15957294
"November 18, 2018 ",09/26/2018,0,7,47473,14.76,16664068
"March 21, 2019 ",01/06/2019,17976,3,49324,20.12,17952882
"April 05, 2018 ",04/01/2018,20721,675,42199,1.6,14646273
"March 22, 2019 ",01/06/2019,13600,448,49333,20.39,17966482
"April 18, 2018 ",04/01/2018,21281,35665,42380,5.55,14814416
"March 03, 2019 ",01/06/2019,0,864,49041,14.08,17650315
"March 26, 2019 ",01/06/2019,206,5198,49334,20.53,17973646
"October 10, 2018 ",09/26/2018,23310,5,45496,4.24,16154255
"May 12, 2018 ",04/01/2018,9508,579,42699,13.54,15157799
"May 20, 2019 ",04/01/2019,510,6076,49985,12.13,18583086
"December 13, 2017 ",09/24/2017,1449,3,40797,23.82,13527606
"July 18, 2019 ",06/22/2019,4181,8,50385,1.77,19027301
"July 22, 2018 ",06/23/2018,0,5,43183,2.29,15724205
"November 07, 2017 ",09/24/2017,23215,58,40089,14.48,13135909
"February 18, 2018 ",01/08/2018,0,539729,41683,12.91,14078216
"April 15, 2019 ",04/01/2019,1542,58695,49502,3.21,18134167
"September 25, 2017 ",09/24/2017,0,,36779,0,12553705
"September 25, 2017 ",06/24/2017,0,325635,36779,0,12553705
"September 25, 2017 ",06/24/2017,0,325635,36778,8.83,12553705
"June 01, 2019 ",04/01/2019,10221,757055,50134,15.07,18732527
"October 09, 2017 ",09/24/2017,1247,5513,38270,3.79,12699218
"August 11, 2018 ",06/23/2018,1795,925,43385,4.41,15816783
"June 23, 2018 ",04/01/2018,15,5449,43025,24.24,15624200
"July 09, 2019 ",06/22/2019,6505,54074,50343,1.07,18992176
"November 26, 2017 ",09/24/2017,0,6598,40475,18.88,13319689
"September 27, 2017 ",09/24/2017,737,3,36787,0.02,12554442
"November 18, 2017 ",09/24/2017,8917,8,40400,17.98,13281854
"December 20, 2018 ",09/26/2018,7,53914,48053,21.91,17017064
"July 01, 2019 ",06/22/2019,321,478,50307,0.59,18967580
"April 12, 2018 ",04/01/2018,18541,6207,42299,3.83,14740829
"June 30, 2018 ",06/23/2018,1815,9,43083,0.72,15656182
"March 31, 2019 ",01/06/2019,0,5237,49334,20.54,17974042
"November 17, 2018 ",09/26/2018,9103,7,47473,14.76,16664068
"January 16, 2018 ",01/08/2018,605,526,40850,0.62,13563748
"March 18, 2019 ",01/06/2019,6281,86964,49276,18.89,17891315
"October 15, 2018 ",09/26/2018,669,47,45836,5.44,16211018
"May 17, 2018 ",04/01/2018,21634,6415,42749,14.97,15220275
"October 01, 2017 ",09/24/2017,0,366,37309,0.98,12590375
"June 18, 2019 ",04/01/2019,40,6227,50260,19.11,18937751
"February 25, 2018 ",01/08/2018,0,61644,41770,14.72,14154935
"October 11, 2018 ",09/26/2018,21963,3,45629,4.71,16176218
"September 29, 2017 ",09/24/2017,19169,8,37179,0.57,12575113
"January 04, 2019 ",09/26/2018,37,54,48053,21.91,17017266
"February 19, 2018 ",01/08/2018,455,540184,41683,12.93,14078671
"December 04, 2018 ",09/26/2018,27894,333,47819,17.98,16823483
"November 04, 2018 ",09/26/2018,0,548465,47097,11.66,16511615
"March 08, 2018 ",01/08/2018,23025,774167,41927,18.42,14312654
"January 16, 2019 ",01/06/2019,16802,385,48250,2.86,17155809
"January 21, 2018 ",01/08/2018,7,9154,40992,2.9,13657641
"October 09, 2018 ",09/26/2018,28290,7795,45350,3.74,16130945
"March 08, 2019 ",01/06/2019,18825,715667,49137,15.82,17737333
"March 24, 2018 ",01/08/2018,8289,40137,42152,24.61,14578624
"July 19, 2018 ",06/23/2018,4799,949,43180,2.17,15719126
"August 22, 2018 ",06/23/2018,6240,9,43574,5.41,15861186
"May 10, 2018 ",04/01/2018,22826,551516,42670,12.9,15130267
"July 23, 2018 ",06/23/2018,145,5,43183,2.29,15724350
"March 27, 2018 ",01/08/2018,25,4016,42152,24.62,14578649
"May 23, 2019 ",04/01/2019,16380,660208,50036,13.17,18635680
"November 13, 2018 ",09/26/2018,690,37,47314,13.48,16600849
"February 22, 2019 ",01/06/2019,16246,5277,48912,12.06,17549465
"August 26, 2018 ",06/23/2018,0,5045,43616,5.71,15874653
"April 08, 2019 ",04/01/2019,1242,767,49396,1.56,18052194
"October 19, 2017 ",09/24/2017,24303,332178,39321,8.41,12885883
"November 01, 2018 ",09/26/2018,18368,523,47009,11.16,16487140
"April 09, 2019 ",04/01/2019,22435,5,49427,2.01,18074631
"December 21, 2017 ",09/24/2017,0,3,40799,23.87,13527606
"July 11, 2019 ",06/22/2019,6628,7,50360,1.33,19005201
"April 08, 2018 ",04/01/2018,45,93943,42220,2.22,14672694
"November 24, 2018 ",09/26/2018,0,74154,47580,15.58,16704698
"June 24, 2018 ",04/01/2018,0,5449,43025,24.24,15624200
"August 09, 2018 ",06/23/2018,8101,5269,43316,4.25,15809469
"September 23, 2018 ",06/23/2018,0,4,43791,7.57,15957524
"December 12, 2018 ",09/26/2018,21602,54,48013,21.15,16979404
"April 13, 2019 ",04/01/2019,9047,57097,49501,3.17,18132569
"January 27, 2019 ",01/06/2019,0,77124,48504,5.69,17294424
"January 17, 2019 ",01/06/2019,19274,577,48289,3.26,17175090
"June 07, 2018 ",04/01/2018,26449,9735,42959,20.84,15476109
"June 16, 2018 ",04/01/2018,6716,5077,43024,24.24,15623828
"March 04, 2019 ",01/06/2019,1218,867,49042,14.1,17651533
"September 05, 2018 ",06/23/2018,7695,7,43686,6.42,15906370
"March 03, 2018 ",01/08/2018,11842,70689,41871,16.84,14245379
"February 11, 2018 ",01/08/2018,0,44213,41562,10.61,13980617
"January 17, 2018 ",01/08/2018,29897,5515,40894,1.34,13593645
"May 05, 2018 ",04/01/2018,10407,78883,42606,11.22,15057634
"January 04, 2018 ",09/24/2017,0,3,40800,23.88,13527606
"September 17, 2018 ",06/23/2018,0,4,43774,7.55,15956610
"October 12, 2017 ",09/24/2017,22536,8816,38790,5.61,12772521
"May 25, 2018 ",04/01/2018,15619,742707,42835,17.3,15321458
"June 01, 2018 ",04/01/2018,19235,36,42901,18.92,15392391
"November 05, 2017 ",09/24/2017,2,55815,40027,13.9,13111859
"June 07, 2019 ",04/01/2019,26675,856256,50207,17.02,18831728
"October 06, 2018 ",09/26/2018,11643,3,45158,3.1,16101378
"March 18, 2018 ",01/08/2018,211,945,42104,22.41,14484307
"December 05, 2017 ",09/24/2017,27544,8896,40676,21.82,13443346
"March 20, 2019 ",01/06/2019,19414,3,49309,19.76,17934887
"January 26, 2019 ",01/06/2019,14956,77124,48504,5.69,17294424
"August 31, 2018 ",06/23/2018,3901,724,43668,6.2,15896630
"February 27, 2019 ",01/06/2019,19627,581625,48978,13.14,17603291
"November 16, 2017 ",09/24/2017,19358,515,40335,17.37,13256220
"November 09, 2018 ",09/26/2018,16561,4,47296,13.31,16592576
"September 30, 2017 ",09/24/2017,15236,366,37308,0.98,12590375
"May 04, 2019 ",04/01/2019,8787,3317,49826,8.68,18408651
"August 14, 2018 ",06/23/2018,9091,4,43419,4.62,15826243
"February 21, 2019 ",01/06/2019,20856,511543,48894,11.73,17533209
"May 22, 2018 ",04/01/2018,18925,6846,42792,15.96,15263369
"December 24, 2018 ",09/26/2018,0,53,48053,21.91,17017111
"December 11, 2018 ",09/26/2018,24804,465,47996,20.7,16957802
"March 20, 2018 ",01/08/2018,29873,979344,42114,23.2,14517831
"March 11, 2019 ",01/06/2019,1350,7303,49151,16.11,17752057
"December 15, 2018 ",09/26/2018,6802,53737,48053,21.91,17016887
"December 16, 2017 ",09/24/2017,0,3,40798,23.87,13527606
"March 21, 2018 ",01/08/2018,24304,364,42130,23.77,14542135
"October 16, 2018 ",09/26/2018,25530,734,45991,5.97,16236558
"April 04, 2018 ",04/01/2018,24320,6796,42174,1.11,14625547
"September 12, 2018 ",06/23/2018,6773,9,43740,7.12,15937181
"March 25, 2019 ",01/06/2019,0,51774,49334,20.53,17973440
"May 02, 2018 ",04/01/2018,20417,9299,42559,10.07,15008050
"May 07, 2018 ",04/01/2018,1276,6,42606,11.25,15058913
"May 09, 2019 ",04/01/2019,20625,500533,49892,10.01,18476005
"January 12, 2018 ",01/08/2018,5225,585,40836,0.53,13560072
"November 30, 2018 ",09/26/2018,18619,4,47737,17.13,16781298
"November 12, 2017 ",09/24/2017,0,639438,40217,15.85,13193143
"January 22, 2019 ",01/06/2019,693,84878,48344,3.81,17202178
"April 22, 2019 ",04/01/2019,2546,5457,49616,5.13,18230043
"March 30, 2018 ",01/08/2018,77,40264,42152,24.62,14578751
"September 14, 2018 ",06/23/2018,7601,79,43765,7.45,15952182
"March 06, 2018 ",01/08/2018,21348,729357,41883,17.37,14267844
"December 16, 2018 ",09/26/2018,0,53737,48053,21.91,17016887
"November 14, 2018 ",09/26/2018,20887,585,47362,13.91,16621736
"October 08, 2017 ",09/24/2017,0,66,38262,3.75,12697971
"December 30, 2017 ",09/24/2017,0,3,40799,23.88,13527606
"January 28, 2019 ",01/06/2019,1894,79018,48506,5.73,17296318
"June 12, 2019 ",04/01/2019,19847,843,50236,18.33,18898315
"February 14, 2019 ",01/06/2019,0,44,48818,10.48,17458490
"June 17, 2019 ",04/01/2019,0,6223,50259,19.11,18937711
"April 26, 2018 ",04/01/2018,22196,357755,42493,8.41,14936506
"May 15, 2019 ",04/01/2019,19597,565247,49943,11.29,18540719
"November 14, 2017 ",09/24/2017,23919,66,40262,16.45,13217904
"July 27, 2018 ",06/23/2018,4347,7,43202,2.8,15746373
"January 02, 2018 ",09/24/2017,0,3,40799,23.88,13527606
"September 02, 2018 ",06/23/2018,0,74435,43673,6.25,15898635
"March 05, 2019 ",01/06/2019,22284,52153,49070,14.55,17673819
"July 30, 2018 ",06/23/2018,135,5,43207,2.87,15749236
"February 28, 2019 ",01/06/2019,17098,598724,49007,13.48,17620390
"November 26, 2018 ",09/26/2018,19,741567,47580,15.58,16704717
"November 19, 2018 ",09/26/2018,1047,701965,47477,14.78,16665115
"February 08, 2018 ",01/08/2018,24444,40847,41522,9.81,13946959
"August 28, 2018 ",06/23/2018,6802,57515,43635,5.87,15881715
"October 17, 2017 ",09/24/2017,25716,8,39104,7.24,12838179
"June 25, 2019 ",06/22/2019,8073,8,50272,0.16,18946193
"February 24, 2019 ",01/06/2019,0,539128,48927,12.29,17560794
"October 24, 2017 ",09/24/2017,27781,39506,39507,9.97,12948769
"March 30, 2019 ",01/06/2019,0,5237,49334,20.54,17974042
"June 27, 2018 ",06/23/2018,11374,99,43056,0.45,15644399
"January 03, 2019 ",09/26/2018,118,5407,48053,21.91,17017229
"April 18, 2019 ",04/01/2019,23231,5405,49584,4.54,18200877
"April 30, 2019 ",04/01/2019,22725,364453,49756,7.31,18339925
"September 16, 2018 ",06/23/2018,0,4,43774,7.55,15956610
"September 26, 2018 ",06/23/2018,2489,7354,43844,0.02,15961554
"December 14, 2017 ",09/24/2017,0,3,40797,23.85,13527606
"January 29, 2019 ",01/06/2019,25361,30437,48550,6.25,17321679
"March 25, 2018 ",01/08/2018,0,40137,42152,24.61,14578624
"November 19, 2017 ",09/24/2017,11,816,40400,17.98,13281865
"July 05, 2018 ",06/23/2018,0,4399,43111,1,15668193
"January 30, 2018 ",01/08/2018,26873,55736,41258,6.18,13794223
"December 28, 2017 ",09/24/2017,0,3,40799,23.88,13527606
"December 27, 2017 ",09/24/2017,0,3,40799,23.88,13527606
"June 22, 2019 ",06/22/2019,46,,50260,0,18938102
"June 19, 2018 ",04/01/2018,134,5,43024,24.24,15623962
"April 21, 2018 ",04/01/2018,8926,91097,42440,6.85,14869848
"July 09, 2018 ",06/23/2018,384,50524,43126,1.15,15674724
"August 08, 2018 ",06/23/2018,8026,77,43280,4.06,15801368
"February 20, 2019 ",01/06/2019,21217,490687,48861,11.32,17512353
"January 18, 2019 ",01/06/2019,16981,7477,48327,3.6,17192071
"December 07, 2017 ",09/24/2017,28075,3365,40768,23.08,13497070
"November 11, 2017 ",09/24/2017,458,639438,40217,15.85,13193143
"January 20, 2019 ",01/06/2019,0,83645,48341,3.78,17200945
"August 05, 2018 ",06/23/2018,0,589,43234,3.65,15783160
"May 24, 2019 ",04/01/2019,16199,676428,50049,13.49,18651900
"April 13, 2018 ",04/01/2018,16260,78375,42321,4.21,14757126
"August 06, 2018 ",06/23/2018,80,5904,43234,3.65,15783240
"November 21, 2018 ",09/26/2018,11501,738205,47572,15.51,16701355
"December 28, 2018 ",09/26/2018,0,53,48053,21.91,17017111
"February 10, 2018 ",01/08/2018,14017,44213,41561,10.61,13980617
"February 12, 2018 ",01/08/2018,1438,44356,41562,10.64,13982055
"April 20, 2018 ",04/01/2018,23672,7,42431,6.64,14860922
"February 21, 2018 ",01/08/2018,26582,56743,41711,13.57,14105918
"February 06, 2019 ",01/06/2019,20599,413,48703,8.46,17430429
"April 25, 2019 ",04/01/2019,12217,309783,49698,6.23,18285255
"November 15, 2017 ",09/24/2017,18898,683,40292,16.91,13236847
"June 18, 2018 ",04/01/2018,0,5077,43024,24.24,15623828
"October 14, 2018 ",09/26/2018,5,47,45833,5.42,16210349
"December 06, 2017 ",09/24/2017,25584,526,40717,22.42,13468966
"May 12, 2019 ",04/01/2019,0,525175,49908,10.5,18500647
"August 03, 2018 ",06/23/2018,6081,56074,43231,3.58,15780274
"August 02, 2018 ",06/23/2018,8578,4999,43224,3.44,15774193
"April 29, 2018 ",04/01/2018,0,385666,42524,9.05,14964417
"May 07, 2019 ",04/01/2019,23359,58576,49858,9.18,18434048
"April 14, 2019 ",04/01/2019,56,57153,49501,3.18,18132625
"June 26, 2019 ",06/22/2019,8377,468,50283,0.33,18954570
"October 28, 2017 ",09/24/2017,11387,5,39780,11.81,13025110
"April 06, 2018 ",04/01/2018,16652,,42213,1.99,14662935
"April 04, 2019 ",04/01/2019,18581,5265,49373,1.07,18028131
"December 08, 2018 ",09/26/2018,21428,5,47972,20.12,16929148
"March 29, 2018 ",01/08/2018,3,40187,42152,24.62,14578674
"January 22, 2018 ",01/08/2018,791,9945,40993,2.92,13658432
"June 06, 2018 ",04/01/2018,22380,709,42940,20.24,15449652
"January 26, 2018 ",01/08/2018,19462,7789,41204,5.27,13756276
"February 06, 2018 ",01/08/2018,25445,35874,41456,8.63,13897228
"November 17, 2017 ",09/24/2017,16684,3,40377,17.76,13272937
"January 08, 2018 ",09/24/2017,0,3,40801,23.9,13527606
"January 10, 2018 ",01/08/2018,9396,377,40818,0.25,13548864
"August 24, 2018 ",06/23/2018,4830,4829,43599,5.66,15872490
"January 08, 2019 ",01/06/2019,21270,3,48072,0.44,17038691
"September 18, 2018 ",06/23/2018,156,5,43776,7.56,15956766
"April 03, 2019 ",04/01/2019,18841,34078,49357,0.7,18009550
"April 15, 2018 ",04/01/2018,0,75,42330,4.42,14766251
"August 10, 2018 ",06/23/2018,5519,907,43349,4.37,15814988
"October 23, 2017 ",09/24/2017,838,3673,39447,9.27,12921006
"April 17, 2018 ",04/01/2018,25780,3,42351,5.06,14793135
"August 21, 2018 ",06/23/2018,8010,74,43565,5.26,15854946
"October 05, 2017 ",09/24/2017,21286,3666,38002,2.98,12667371
"March 23, 2018 ",01/08/2018,13780,3183,42150,24.42,14570325
"June 19, 2019 ",04/01/2019,50,623,50260,19.11,18937801
"October 12, 2018 ",09/26/2018,19529,32597,45760,5.11,16195747
"October 13, 2018 ",09/26/2018,14597,47194,45833,5.42,16210344
"November 27, 2018 ",09/26/2018,19188,760755,47610,15.97,16723905
"July 15, 2019 ",06/22/2019,194,73304,50373,1.45,19011406
"September 25, 2018 ",06/23/2018,1511,4865,43808,7.6,15959065
"July 14, 2019 ",06/22/2019,0,73,50373,1.45,19011212
"May 27, 2018 ",04/01/2018,0,751263,42843,17.49,15330014
"June 26, 2018 ",06/23/2018,8819,5,43038,0.19,15633025
"September 11, 2018 ",06/23/2018,9072,,43729,6.96,15930408
"November 24, 2017 ",09/24/2017,0,6598,40475,18.88,13319689
"May 15, 2018 ",04/01/2018,22122,601995,42720,14.06,15180746
"September 03, 2018 ",06/23/2018,31,744,43673,6.25,15898666
"December 26, 2017 ",09/24/2017,0,3,40799,23.88,13527606
"March 24, 2019 ",01/06/2019,0,51774,49334,20.53,17973440
"July 25, 2018 ",06/23/2018,6027,55,43193,2.56,15735855
"January 11, 2018 ",01/08/2018,5969,6349,40826,0.4,13554836
"December 09, 2017 ",09/24/2017,8909,68,40790,23.69,13522484
"December 25, 2018 ",09/26/2018,0,53,48053,21.91,17017111
"March 09, 2019 ",01/06/2019,13370,72904,49151,16.09,17750707
"February 05, 2019 ",01/06/2019,18774,392425,48672,8.04,17409725
"January 25, 2018 ",01/08/2018,22618,98287,41163,4.81,13736774
"April 24, 2019 ",04/01/2019,19788,75,49683,5.98,18273021
"May 19, 2019 ",04/01/2019,282,607103,49985,12.12,18582575
"March 26, 2018 ",01/08/2018,0,40137,42152,24.61,14578624
"December 19, 2017 ",09/24/2017,0,3,40799,23.87,13527606
"December 22, 2017 ",09/24/2017,0,3,40799,23.87,13527606
"January 06, 2018 ",09/24/2017,0,3,40801,23.89,13527606
"January 09, 2018 ",01/08/2018,8249,9,40812,0.02,13539468
"October 20, 2018 ",09/26/2018,9970,35683,46410,7.71,16319982
"October 11, 2017 ",09/24/2017,23415,6255,38639,5.06,12749960
"June 03, 2018 ",04/01/2018,0,647,42907,19.18,15403398
"September 08, 2018 ",06/23/2018,3503,96944,43719,6.75,15921144
"March 31, 2018 ",01/08/2018,0,40264,42152,24.62,14578751
"November 06, 2017 ",09/24/2017,661,558815,40027,13.92,13112520
"January 05, 2018 ",09/24/2017,0,3,40800,23.88,13527606
"April 11, 2018 ",04/01/2018,25264,3535,42282,3.39,14722286
"June 14, 2018 ",04/01/2018,23399,36,43014,23.74,15602369
"October 02, 2018 ",09/26/2018,31483,367,44558,1.48,16026820
"September 24, 2018 ",06/23/2018,30,54,43791,7.57,15957554
"November 08, 2018 ",09/26/2018,18912,5,47253,12.98,16576015
"July 08, 2019 ",06/22/2019,349,47565,50334,0.94,18985667
"May 29, 2019 ",04/01/2019,22241,708477,50077,14.12,18683949
"November 29, 2018 ",09/26/2018,18810,7995,47698,16.75,16762679
"July 31, 2018 ",06/23/2018,8549,585,43215,3.06,15757785
"July 13, 2019 ",06/22/2019,1507,73,50373,1.45,19011212
"October 06, 2017 ",09/24/2017,18987,32653,38155,3.46,12686358
"May 14, 2019 ",04/01/2019,19234,5456,49920,10.91,18521114
"June 29, 2019 ",06/22/2019,1498,57,50306,0.58,18967259
"June 11, 2018 ",04/01/2018,3109,953895,42983,22.14,15532646
"January 02, 2019 ",09/26/2018,0,53,48053,21.91,17017111
"October 27, 2018 ",09/26/2018,9954,458587,46825,9.81,16421737
"January 11, 2019 ",01/06/2019,18576,84188,48160,1.74,17101488
"July 06, 2019 ",06/22/2019,986,47214,50334,0.94,18985316
"September 09, 2018 ",06/23/2018,0,96944,43719,6.75,15921144
"February 17, 2019 ",01/06/2019,0,44,48842,10.87,17458490
"February 13, 2018 ",01/08/2018,26164,46973,41602,11.26,14008219
"August 13, 2018 ",06/23/2018,369,9295,43391,4.42,15817152
"March 07, 2018 ",01/08/2018,21634,751043,41901,17.88,14289530
"October 26, 2018 ",09/26/2018,19104,448633,46778,9.61,16411783
"May 16, 2018 ",04/01/2018,17890,61989,42734,14.48,15198641
"March 01, 2018 ",01/08/2018,21471,679584,41834,16.2,14218071
"February 22, 2018 ",01/08/2018,22135,58956,41747,14.08,14128055
"April 23, 2018 ",04/01/2018,1074,9217,42440,6.87,14870922
"March 12, 2018 ",01/08/2018,1448,39,41978,19.25,14348626
"October 30, 2017 ",09/24/2017,730,35,39780,11.83,13025840
"May 28, 2018 ",04/01/2018,597,75186,42843,17.51,15330611
"February 26, 2019 ",01/06/2019,21167,56198,48952,12.75,17583647
"February 25, 2019 ",01/06/2019,1685,540813,48927,12.32,17562479
"October 13, 2017 ",09/24/2017,20185,3,38907,6.12,12792707
"September 07, 2018 ",06/23/2018,5427,9344,43708,6.68,15917641
"May 31, 2018 ",04/01/2018,20030,7943,42884,18.48,15373139
"December 22, 2018 ",09/26/2018,36,53,48053,21.91,17017111
"May 13, 2018 ",04/01/2018,0,579,42699,13.54,15157799
"December 14, 2018 ",09/26/2018,14528,46935,48046,21.77,17010085
"August 12, 2018 ",06/23/2018,0,925,43385,4.41,15816783
"July 02, 2019 ",06/22/2019,6750,36228,50315,0.72,18974330
"January 14, 2018 ",01/08/2018,5,4656,40848,0.6,13563143
"July 28, 2018 ",06/23/2018,2728,49,43207,2.86,15749101
"May 06, 2018 ",04/01/2018,3,78886,42606,11.22,15057637
"October 25, 2017 ",09/24/2017,22551,,39593,10.52,12971626
"September 22, 2018 ",06/23/2018,230,4,43790,7.57,15957524
"November 03, 2017 ",09/24/2017,14683,5486,39983,13.68,13102345
"June 06, 2019 ",04/01/2019,23752,82958,50192,16.5,18805053
"July 16, 2019 ",06/22/2019,6772,80078,50378,1.59,19018180
"June 10, 2018 ",04/01/2018,0,950786,42981,22.07,15529537
"July 13, 2018 ",06/23/2018,4172,75,43156,1.72,15699583
"May 21, 2018 ",04/01/2018,704,66569,42778,15.53,15244442
"November 15, 2018 ",09/26/2018,18158,76744,47406,14.28,16639894
"August 15, 2018 ",06/23/2018,6755,79,43449,4.77,15832998
"December 24, 2017 ",09/24/2017,0,3,40799,23.88,13527606
"April 16, 2019 ",04/01/2019,21922,80617,49523,3.65,18156089
"May 22, 2019 ",04/01/2019,18182,643828,50017,12.85,18619300
"March 27, 2019 ",01/06/2019,195,52175,49334,20.54,17973841
"June 16, 2019 ",04/01/2019,0,6223,50259,19.11,18937711
"June 30, 2019 ",06/22/2019,0,57,50306,0.58,18967259
"April 19, 2019 ",04/01/2019,15722,8,49603,4.86,18216600
"November 10, 2018 ",09/26/2018,7118,36544,47313,13.46,16599694
"August 23, 2018 ",06/23/2018,6474,434,43581,5.55,15867660
"November 16, 2018 ",09/26/2018,15068,,47437,14.58,16654962
"February 01, 2018 ",01/08/2018,21496,99527,41357,7.22,13838014
"May 01, 2019 ",04/01/2019,22327,386798,49772,7.76,18362270
"April 27, 2019 ",04/01/2019,9918,3,49735,6.83,18315694
"March 15, 2019 ",01/06/2019,29888,8397,49259,18.29,17861428
"June 21, 2018 ",04/01/2018,7,5385,43025,24.24,15624136
"May 17, 2019 ",04/01/2019,13158,598815,49976,11.96,18574287
"April 10, 2018 ",04/01/2018,23497,69,42245,2.79,14697020
"April 02, 2018 ",01/08/2018,0,40264,42152,0,14578751
"September 27, 2018 ",09/26/2018,1635,3,43916,0.06,15963189
"March 01, 2019 ",01/06/2019,18306,704,49032,13.85,17638707
"March 12, 2019 ",01/06/2019,25566,755957,49178,16.62,17777623
"December 04, 2017 ",09/24/2017,692,86203,40644,21.16,13415737
"December 03, 2017 ",09/24/2017,0,8613,40644,21.14,13415045
"November 25, 2017 ",09/24/2017,0,6598,40475,18.88,13319689
"May 26, 2018 ",04/01/2018,8540,751263,42843,17.49,15330014
"August 30, 2018 ",06/23/2018,5569,525,43660,6.12,15892725
"May 06, 2019 ",04/01/2019,1910,35217,49829,8.72,18410689
"May 09, 2018 ",04/01/2018,23053,5286,42652,12.37,15107432
"February 20, 2018 ",01/08/2018,617,54,41683,12.94,14079288
"December 08, 2017 ",09/24/2017,16482,598,40779,23.48,13513575
"January 05, 2019 ",01/06/2019,16,,48053,0,17017282
"June 09, 2019 ",04/01/2019,0,875916,50215,17.41,18851388
"September 26, 2017 ",09/24/2017,0,,36780,0,12553705
"July 12, 2018 ",06/23/2018,5322,7,43152,1.63,15695411
"June 20, 2019 ",04/01/2019,71,6,50260,19.11,18937872
"December 19, 2018 ",09/26/2018,65,53907,48053,21.91,17017057
"April 30, 2018 ",04/01/2018,1082,3867,42524,9.08,14965499
"December 30, 2018 ",09/26/2018,0,53,48053,21.91,17017111
"January 30, 2019 ",01/06/2019,21350,325745,48577,6.68,17343045
"June 02, 2018 ",04/01/2018,10996,647,42907,19.18,15403398
"March 17, 2019 ",01/06/2019,126,863368,49273,18.77,17885034
"February 15, 2019 ",01/06/2019,0,44,48840,10.74,17458490
"October 05, 2018 ",09/26/2018,20959,585,45074,2.85,16089735
"January 28, 2018 ",01/08/2018,0,,41227,5.52,13766589
"October 29, 2018 ",09/26/2018,1648,460235,46829,9.84,16423385
"October 30, 2018 ",09/26/2018,26120,4863,46908,10.38,16449516
"February 27, 2018 ",01/08/2018,21158,6383,41801,15.23,14176808
"December 18, 2017 ",09/24/2017,0,3,40798,23.87,13527606
"January 13, 2019 ",01/06/2019,0,4495,48175,1.95,17111795
"January 20, 2018 ",01/08/2018,14912,9147,40992,2.9,13657634
"January 01, 2019 ",09/26/2018,0,53,48053,21.91,17017111
"January 09, 2019 ",01/06/2019,22102,43493,48100,0.9,17060793
"April 07, 2018 ",04/01/2018,9714,9389,42220,2.22,14672649
"January 10, 2019 ",01/06/2019,22117,5,48135,1.36,17082912
"June 05, 2018 ",04/01/2018,22889,519,42918,19.73,15427270
"August 20, 2018 ",06/23/2018,265,7,43552,5.08,15846910
"February 02, 2018 ",01/08/2018,20963,32049,41395,7.72,13858985
"January 24, 2019 ",01/06/2019,28318,4035,48445,4.94,17257656
"April 26, 2019 ",04/01/2019,20574,3303,49720,6.63,18305776
"March 14, 2019 ",01/06/2019,29852,809838,49235,17.7,17831504
"December 25, 2017 ",09/24/2017,0,3,40799,23.88,13527606
"December 02, 2018 ",09/26/2018,0,31265,47774,17.39,16794415
"June 04, 2019 ",04/01/2019,23240,7817,50158,15.55,18757183
"December 10, 2018 ",09/26/2018,3850,4,47977,20.2,16932998
"June 25, 2018 ",04/01/2018,0,5449,43025,24.24,15624200
"May 08, 2019 ",04/01/2019,21197,79878,49879,9.6,18455350
"September 13, 2018 ",06/23/2018,7385,,43755,7.28,15944566
"November 12, 2018 ",09/26/2018,465,37,47314,13.47,16600159
"April 28, 2018 ",04/01/2018,8958,385666,42524,9.05,14964417
"November 23, 2017 ",09/24/2017,3385,6598,40475,18.88,13319689
"February 18, 2019 ",01/06/2019,0,44,48843,10.88,17458490
"May 08, 2018 ",04/01/2018,25443,505607,42634,11.84,15084358
"April 22, 2018 ",04/01/2018,0,91097,42440,6.85,14869848
"October 19, 2018 ",09/26/2018,26557,34,46367,7.5,16310012
"November 10, 2017 ",09/24/2017,17740,63898,40217,15.84,13192685
"May 26, 2019 ",04/01/2019,0,6853,50054,13.67,18660814
"December 13, 2018 ",09/26/2018,16138,32407,48031,21.47,16995557
"May 01, 2018 ",04/01/2018,22117,65,42539,9.59,14987616
"December 05, 2018 ",09/26/2018,25253,55,47840,18.5,16848736
"July 08, 2018 ",06/23/2018,0,5014,43125,1.14,15674340
"February 15, 2018 ",01/08/2018,20155,512385,41652,12.27,14050872
"October 27, 2017 ",09/24/2017,19701,6,39748,11.53,13013705
"March 11, 2018 ",01/08/2018,6,69,41978,19.21,14347178
"July 01, 2018 ",06/23/2018,0,9,43083,0.72,15656182
"September 20, 2018 ",06/23/2018,81,5,43779,7.56,15957035
"March 10, 2018 ",01/08/2018,11915,685,41978,19.21,14347172
"May 05, 2019 ",04/01/2019,128,33307,49826,8.68,18408779
"June 28, 2019 ",06/22/2019,5051,765,50304,0.55,18965761
"May 16, 2019 ",04/01/2019,20402,5856,49960,11.7,18561121
"June 04, 2018 ",04/01/2018,981,56,42907,19.2,15404379
"October 31, 2017 ",09/24/2017,24700,68,39849,12.43,13050579
"July 17, 2019 ",06/22/2019,4931,85,50381,1.68,19023111
"September 06, 2018 ",06/23/2018,5844,4,43697,6.55,15912214
"January 07, 2019 ",01/06/2019,139,,48053,0,17017421
"May 30, 2018 ",04/01/2018,21851,774356,42865,18.02,15353107
"October 21, 2017 ",09/24/2017,11029,36646,39444,9.25,12920166
"May 18, 2018 ",04/01/2018,14623,65616,42768,15.31,15234915
"February 28, 2018 ",01/08/2018,19764,65,41823,15.69,14196598
"January 01, 2018 ",09/24/2017,0,3,40799,23.88,13527606
"March 13, 2018 ",01/08/2018,27045,37186,42012,19.88,14375673
"December 10, 2017 ",09/24/2017,86,68865,40790,23.69,13522570
"December 03, 2018 ",09/26/2018,1170,32435,47775,17.41,16795585
"January 12, 2019 ",01/06/2019,10307,4495,48175,1.95,17111795
"January 19, 2019 ",01/06/2019,8845,83645,48341,3.78,17200945
"March 06, 2019 ",01/06/2019,24193,765,49099,15.04,17698167
"December 31, 2018 ",09/26/2018,0,53,48053,21.91,17017111
"December 23, 2017 ",09/24/2017,0,3,40799,23.88,13527606
"January 19, 2018 ",01/08/2018,22531,4233,40970,2.53,13642720
"January 18, 2018 ",01/08/2018,26539,7,40930,1.99,13620189
"July 05, 2019 ",06/22/2019,0,46228,50333,0.92,18984330
"April 16, 2018 ",04/01/2018,1074,57,42332,4.45,14767325
"May 21, 2019 ",04/01/2019,18025,6256,49998,12.49,18601113
"December 20, 2017 ",09/24/2017,0,3,40799,23.87,13527606
"July 21, 2018 ",06/23/2018,1517,5,43183,2.29,15724205
"July 04, 2018 ",06/23/2018,5484,4399,43111,1,15668193
"November 11, 2018 ",09/26/2018,0,36544,47313,13.46,16599694
"August 27, 2018 ",06/23/2018,242,50695,43616,5.72,15874895
"November 21, 2017 ",09/24/2017,19687,86,40435,18.47,13302375
"April 29, 2019 ",04/01/2019,1426,3417,49735,6.86,18317196
"October 25, 2018 ",09/26/2018,22023,4295,46696,9.22,16392679
"January 06, 2019 ",01/06/2019,0,,48053,0,17017282
"March 07, 2019 ",01/06/2019,20335,83,49125,15.44,17718502
"July 11, 2018 ",06/23/2018,6907,5887,43147,1.5,15690087
"January 23, 2018 ",01/08/2018,30821,5077,41047,3.66,13689259
"October 18, 2018 ",09/26/2018,23032,3203,46253,6.95,16283451
"February 05, 2018 ",01/08/2018,746,33326,41420,8.02,13871755
"January 31, 2018 ",01/08/2018,22172,77929,41308,6.71,13816416
"September 28, 2017 ",09/24/2017,1502,3,36839,0.06,12555944
"June 10, 2019 ",04/01/2019,4500,880416,50217,17.5,18855888
"December 01, 2018 ",09/26/2018,13106,31265,47774,17.39,16794415
"June 15, 2019 ",04/01/2019,5805,6223,50259,19.11,18937711
"November 02, 2017 ",09/24/2017,18838,533956,39936,13.33,13087661
"April 20, 2019 ",04/01/2019,10887,52025,49613,5.08,18227497
"May 14, 2018 ",04/01/2018,825,579873,42699,13.55,15158624
"March 10, 2019 ",01/06/2019,0,72904,49151,16.09,17750707
"December 26, 2018 ",09/26/2018,0,53,48053,21.91,17017111
"February 07, 2018 ",01/08/2018,25067,3839,41487,9.23,13922469
"November 23, 2018 ",09/26/2018,0,74154,47580,15.58,16704698
"February 03, 2018 ",01/08/2018,12015,3325,41418,8,13871009
"August 18, 2018 ",06/23/2018,2354,445,43551,5.08,15846645
"June 22, 2018 ",04/01/2018,49,543,43025,24.24,15624185
"April 21, 2019 ",04/01/2019,0,52025,49613,5.08,18227497
"March 28, 2019 ",01/06/2019,15,5,49334,20.54,17973856
"May 23, 2018 ",04/01/2018,21117,705735,42809,16.45,15284486
"January 24, 2018 ",01/08/2018,24887,757,41106,4.26,13714205
"November 04, 2017 ",09/24/2017,9483,55815,40027,13.9,13111857
"March 17, 2018 ",01/08/2018,20446,945609,42104,22.41,14484096
"December 27, 2018 ",09/26/2018,0,53,48053,21.91,17017111
"November 05, 2018 ",09/26/2018,1342,549807,47103,11.68,16512957
"October 22, 2018 ",09/26/2018,1376,35,46414,7.74,16321358
"February 13, 2019 ",01/06/2019,0,441424,48795,10.13,17458724
"November 07, 2018 ",09/26/2018,20818,593953,47209,12.59,16557103
"December 12, 2017 ",09/24/2017,2890,5,40796,23.78,13526157
"April 24, 2018 ",04/01/2018,22679,31485,42453,7.4,14893603
"May 20, 2018 ",04/01/2018,0,664987,42778,15.51,15243738
"April 02, 2019 ",04/01/2019,16665,5237,49343,0.32,17990709
"October 02, 2017 ",09/24/2017,402,3,37324,0.99,12590777
"March 14, 2018 ",01/08/2018,23780,60966,42037,20.43,14399453
"November 22, 2017 ",09/24/2017,13902,625,40466,18.8,13316304
"August 25, 2018 ",06/23/2018,2163,5045,43616,5.71,15874653
"October 24, 2018 ",09/26/2018,23983,4075,46604,8.76,16370656
"October 07, 2018 ",09/26/2018,0,3,45158,3.1,16101378
"October 03, 2018 ",09/26/2018,23256,,44756,1.99,16050076
"August 04, 2018 ",06/23/2018,2871,589,43234,3.65,15783160
"December 17, 2017 ",09/24/2017,0,3,40798,23.87,13527606
"November 03, 2018 ",09/26/2018,9908,548464,47097,11.66,16511614
"February 19, 2019 ",01/06/2019,0,4518,48857,11.19,17470097
"February 19, 2019 ",01/06/2019,0,44,48843,10.89,17458490
"March 05, 2018 ",01/08/2018,1069,70796,41872,16.86,14246448
"June 29, 2018 ",06/23/2018,4033,7,43079,0.68,15654367
"July 29, 2018 ",06/23/2018,0,49,43207,2.86,15749101
"January 15, 2018 ",01/08/2018,0,4656,40848,0.6,13563143
"June 11, 2019 ",04/01/2019,22577,5,50225,17.94,18878467
"October 17, 2018 ",09/26/2018,23861,7,46120,6.47,16260419
"October 08, 2018 ",09/26/2018,1277,39505,45170,3.13,16102655
"January 25, 2019 ",01/06/2019,21737,8,48482,5.39,17279468
"May 28, 2019 ",04/01/2019,564,686,50055,13.68,18661663
"July 26, 2018 ",06/23/2018,6163,7,43197,2.7,15742026
"October 22, 2017 ",09/24/2017,11,366,39444,9.25,12920177
"June 20, 2018 ",04/01/2018,167,537,43025,24.24,15624129
"June 13, 2019 ",04/01/2019,16869,397,50245,18.67,18915221
"October 01, 2018 ",09/26/2018,2134,32187,44258,0.78,15995337
"September 29, 2018 ",09/26/2018,12086,3005,44230,0.74,15993202
"May 11, 2019 ",04/01/2019,9646,525175,49908,10.5,18500647
"September 19, 2018 ",06/23/2018,188,754,43778,7.56,15956954
"May 29, 2018 ",04/01/2018,639,752499,42843,17.52,15331250
"July 15, 2018 ",06/23/2018,14,7,43160,1.76,15701061
"August 01, 2018 ",06/23/2018,7799,41394,43220,3.24,15765594
"May 03, 2019 ",04/01/2019,16266,3,49815,8.51,18399864
"October 21, 2018 ",09/26/2018,0,35683,46410,7.71,16319982
"May 11, 2018 ",04/01/2018,17980,569503,42692,13.31,15148254
"January 23, 2019 ",01/06/2019,27121,38,48390,4.37,17229338
"February 16, 2018 ",01/08/2018,18330,530745,41674,12.7,14069232
"April 28, 2019 ",04/01/2019,76,340298,49735,6.83,18315770
"October 04, 2018 ",09/26/2018,18700,5,44903,2.39,16068776
"November 28, 2017 ",09/24/2017,23326,89556,40518,19.44,13343261
"May 13, 2019 ",04/01/2019,1224,5263,49908,10.53,18501871
"April 23, 2019 ",04/01/2019,23212,77785,49657,5.59,18253257
"August 17, 2018 ",06/23/2018,4857,9,43522,5.03,15844291
"October 23, 2018 ",09/26/2018,25295,3835,46532,8.26,16346659
"April 19, 2018 ",04/01/2018,22813,58495,42410,6.09,14837246
"January 03, 2018 ",09/24/2017,0,3,40799,23.88,13527606
"February 04, 2018 ",01/08/2018,0,3325,41419,8,13871009
"October 26, 2017 ",09/24/2017,22373,,39678,11.06,12994002
"August 16, 2018 ",06/23/2018,6429,5227,43476,4.92,15839427
"February 16, 2019 ",01/06/2019,0,44,48842,10.87,17458490
"November 20, 2018 ",09/26/2018,24709,726704,47549,15.28,16689854
"February 04, 2019 ",01/06/2019,1411,37364,48650,7.65,17390942
"May 27, 2019 ",04/01/2019,285,685627,50054,13.67,18661099
"February 07, 2019 ",01/06/2019,20300,4334,48724,8.87,17450729
"August 07, 2018 ",06/23/2018,10100,914,43255,3.88,15793342
"April 03, 2018 ",04/01/2018,22466,7,42163,0.53,14601223
"June 15, 2018 ",04/01/2018,14740,3836,43020,24.08,15617112
"October 20, 2017 ",09/24/2017,23244,355,39412,8.98,12909127
"July 10, 2018 ",06/23/2018,8456,589,43137,1.34,15683180
"June 09, 2018 ",04/01/2018,24146,950786,42981,22.07,15529537
"July 17, 2018 ",06/23/2018,7258,4167,43164,1.93,15708367
"February 23, 2019 ",01/06/2019,11329,539128,48927,12.29,17560794
"September 04, 2018 ",06/23/2018,9,74475,43673,6.25,15898675
"October 03, 2017 ",09/24/2017,29603,66695,37632,1.76,12620400
"October 14, 2017 ",09/24/2017,18595,576,38989,6.58,12811376
"October 10, 2017 ",09/24/2017,27236,5,38486,4.47,12726464
"May 25, 2019 ",04/01/2019,8882,6853,50054,13.67,18660814
"April 01, 2018 ",01/08/2018,0,40264,42152,24.62,14578751
"May 04, 2018 ",04/01/2018,18927,68476,42593,10.98,15047227
"December 23, 2018 ",09/26/2018,0,53,48053,21.91,17017111
"April 14, 2018 ",04/01/2018,9125,75,42330,4.42,14766251
"October 16, 2017 ",09/24/2017,1086,5875,38996,6.61,12812462
"October 07, 2017 ",09/24/2017,11611,66,38262,3.75,12697971
"December 07, 2018 ",09/26/2018,30945,44555,47942,19.68,16907705
"July 24, 2018 ",06/23/2018,5475,5,43188,2.42,15729828
"October 04, 2017 ",09/24/2017,25683,38,37855,2.43,12646085
"May 24, 2018 ",04/01/2018,21353,727,42822,16.94,15305839
"January 29, 2018 ",01/08/2018,761,63,41229,5.54,13767350
"February 17, 2018 ",01/08/2018,8984,539729,41683,12.91,14078216
"June 08, 2019 ",04/01/2019,19645,875916,50215,17.41,18851388
"February 24, 2018 ",01/08/2018,9762,61644,41770,14.72,14154935
"June 14, 2019 ",04/01/2019,16685,5643,50255,18.99,18931906
"December 21, 2018 ",09/26/2018,11,53925,48053,21.91,17017075
"December 02, 2017 ",09/24/2017,11314,8613,40644,21.14,13415045
"February 09, 2018 ",01/08/2018,19588,42809,41549,10.28,13966578
"January 07, 2018 ",09/24/2017,0,3,40801,23.89,13527606
"December 15, 2017 ",09/24/2017,0,3,40797,23.86,13527606
"March 15, 2018 ",01/08/2018,28642,9616,42058,21.1,14428103
"May 18, 2019 ",04/01/2019,7946,6068,49985,12.12,18582293
"March 29, 2019 ",01/06/2019,186,5237,49334,20.54,17974042
"May 19, 2018 ",04/01/2018,8823,664987,42778,15.51,15243738
"March 28, 2018 ",01/08/2018,22,40184,42152,24.62,14578671
"February 26, 2018 ",01/08/2018,715,617163,41770,14.74,14155650
"November 08, 2017 ",09/24/2017,18382,6006,40122,14.93,13154376
"March 16, 2018 ",01/08/2018,35499,925125,42090,21.93,14463612
"April 25, 2018 ",04/01/2018,20697,335549,42469,7.89,14914300
"April 10, 2019 ",04/01/2019,17557,67,49454,2.37,18092194
"December 11, 2017 ",09/24/2017,697,6956,40791,23.71,13523267
"November 28, 2018 ",09/26/2018,19964,7807,47653,16.38,16743869
"January 21, 2019 ",01/06/2019,540,84185,48342,3.8,17201485
"June 13, 2018 ",04/01/2018,21103,9,43003,23.21,15578970
"June 23, 2019 ",06/22/2019,0,,50260,0,18938102
"March 19, 2019 ",01/06/2019,24154,893807,49291,19.37,17915473
"August 19, 2018 ",06/23/2018,0,445,43551,5.08,15846645
"November 25, 2018 ",09/26/2018,0,74154,47580,15.58,16704698
"June 05, 2019 ",04/01/2019,24116,805827,50174,16.03,18781299
"September 10, 2018 ",06/23/2018,192,97,43719,6.76,15921336
"November 13, 2017 ",09/24/2017,817,640255,40217,15.88,13193960
"November 30, 2017 ",09/24/2017,19671,830536,40581,20.41,13384241
"April 05, 2019 ",04/01/2019,14244,66903,49390,1.36,18042375
"February 12, 2019 ",01/06/2019,0,441424,48767,9.71,17458724
"June 08, 2018 ",04/01/2018,29265,9266,42971,21.51,15505391
"March 22, 2018 ",01/08/2018,14410,5,42144,24.1,14556545
"March 23, 2019 ",01/06/2019,6958,51774,49334,20.53,17973440
"November 29, 2017 ",09/24/2017,21171,81073,40552,19.94,13364435
"January 27, 2018 ",01/08/2018,10295,,41227,5.52,13766589
"February 01, 2019 ",01/06/2019,14916,362525,48636,7.43,17379825
"March 04, 2018 ",01/08/2018,0,70689,41871,16.84,14245379
"November 01, 2017 ",09/24/2017,18148,515,39886,12.87,13068817
"January 31, 2019 ",01/06/2019,21856,347,48611,7.13,17364901
"July 10, 2019 ",06/22/2019,6397,47,50350,1.2,18998573
"August 29, 2018 ",06/23/2018,5441,95,43647,5.99,15887156
"March 13, 2019 ",01/06/2019,24012,77998,49206,17.1,17801648
"March 19, 2018 ",01/08/2018,3649,949469,42105,22.5,14487956
"September 28, 2018 ",09/26/2018,17925,7,44117,0.46,15981116
"November 09, 2017 ",09/24/2017,20562,62123,40161,15.42,13174942
"December 01, 2017 ",09/24/2017,19454,85,40615,20.88,13403722
"July 07, 2018 ",06/23/2018,1620,5014,43125,1.14,15674340
"March 16, 2019 ",01/06/2019,23476,86324,49273,18.76,17884908
"July 03, 2019 ",06/22/2019,5081,413,50323,0.82,18979411
"September 15, 2018 ",06/23/2018,4428,4,43774,7.55,15956610
"September 30, 2018 ",09/26/2018,1,30053,44231,0.74,15993203
"April 27, 2018 ",04/01/2018,18903,376706,42518,8.84,14955457
"July 06, 2018 ",06/23/2018,4525,485,43121,1.1,15672720
"December 18, 2018 ",09/26/2018,105,5384,48053,21.91,17016992
"July 18, 2018 ",06/23/2018,5960,90127,43168,2.06,15714327
"January 13, 2018 ",01/08/2018,3066,465,40848,0.6,13563138
"May 03, 2018 ",04/01/2018,20245,9545,42576,10.54,15028296
"July 16, 2018 ",06/23/2018,48,76909,43160,1.76,15701109
"February 02, 2019 ",01/06/2019,9706,37223,48647,7.63,17389531
"April 09, 2018 ",04/01/2018,825,9476,42221,2.24,14673519
"February 03, 2019 ",01/06/2019,0,37223,48647,7.63,17389531
"July 12, 2019 ",06/22/2019,4502,71603,50368,1.42,19009705
"December 31, 2017 ",09/24/2017,0,3,40799,23.88,13527606
"April 01, 2019 ",01/06/2019,2,52378,49334,20.54,17974044
"June 12, 2018 ",04/01/2018,25214,979116,42992,22.72,15557867
"October 29, 2017 ",09/24/2017,0,5,39780,11.81,13025110
"June 17, 2018 ",04/01/2018,0,5077,43024,24.24,15623828
"December 06, 2018 ",09/26/2018,27986,357,47894,19.06,16876722
"April 12, 2019 ",04/01/2019,12760,805,49488,2.99,18123522
"November 22, 2018 ",09/26/2018,3343,74154,47580,15.58,16704698
"April 17, 2019 ",04/01/2019,21525,67,49551,4.08,18177639
"July 20, 2018 ",06/23/2018,3562,984,43182,2.26,15722688
"July 07, 2019 ",06/22/2019,2,47,50334,0.94,18985318
"April 06, 2019 ",04/01/2019,8577,7548,49395,1.53,18050952
"June 24, 2019 ",06/22/2019,18,8,50260,0,18938120
"December 17, 2018 ",09/26/2018,0,53737,48053,21.91,17016887
"March 02, 2018 ",01/08/2018,15474,695036,41856,16.56,14233523
"November 27, 2017 ",09/24/2017,168,6615,40475,18.88,13319857
"July 03, 2018 ",06/23/2018,6289,509,43096,0.87,15662709
"October 31, 2018 ",09/26/2018,19256,505,46960,10.78,16468772
"June 03, 2019 ",04/01/2019,1405,75846,50136,15.1,18733941
"March 02, 2019 ",01/06/2019,11536,864,49041,14.08,17650315
"December 29, 2017 ",09/24/2017,0,3,40799,23.88,13527606
"February 23, 2018 ",01/08/2018,17058,606639,41762,14.49,14145126
"June 28, 2018 ",06/23/2018,5935,4,43071,0.59,15650334
"October 18, 2017 ",09/24/2017,23370,307863,39201,7.82,12861568
"April 07, 2019 ",04/01/2019,0,7548,49395,1.53,18050952
"October 15, 2017 ",09/24/2017,0,576,38989,6.58,12811376
"December 09, 2018 ",09/26/2018,0,5,47972,20.12,16929148
"July 14, 2018 ",06/23/2018,1463,76847,43160,1.76,15701047
"July 02, 2018 ",06/23/2018,238,,43084,0.73,15656420
"May 30, 2019 ",04/01/2019,19351,727845,50102,14.5,18703317
"October 28, 2018 ",09/26/2018,0,458587,46825,9.81,16421737
"March 09, 2018 ",01/08/2018,22515,796746,41964,18.94,14335233
"February 14, 2018 ",01/08/2018,22424,492204,41628,11.8,14030691
"December 29, 2018 ",09/26/2018,0,53,48053,21.91,17017111
"November 20, 2017 ",09/24/2017,782,8,40400,18,13282647
"September 01, 2018 ",06/23/2018,2005,74435,43673,6.25,15898635
"January 15, 2019 ",01/06/2019,25866,707,48216,2.51,17139007
"May 31, 2019 ",04/01/2019,18989,74683,50125,14.87,18722306
